Set,CONC,A
Blank,0,0
#1,0.03051,0.209
#2,0.04068,0.265
#3,0.05085,0.366
#4,0.06102,0.466
